./data/generate/li/63.pgm;0
./data/generate/li/32.pgm;0
./data/generate/li/58.pgm;0
./data/generate/li/6.pgm;0
./data/generate/li/86.pgm;0
./data/generate/li/104.pgm;0
./data/generate/li/11.pgm;0
./data/generate/li/80.pgm;0
./data/generate/li/70.pgm;0
./data/generate/li/108.pgm;0
./data/generate/li/110.pgm;0
./data/generate/li/99.pgm;0
./data/generate/li/53.pgm;0
./data/generate/li/65.pgm;0
./data/generate/li/51.pgm;0
./data/generate/li/34.pgm;0
./data/generate/li/90.pgm;0
./data/generate/li/28.pgm;0
./data/generate/li/26.pgm;0
./data/generate/li/88.pgm;0
./data/generate/li/44.pgm;0
./data/generate/li/56.pgm;0
./data/generate/li/17.pgm;0
./data/generate/li/29.pgm;0
./data/generate/li/102.pgm;0
./data/generate/li/16.pgm;0
./data/generate/li/19.pgm;0
./data/generate/li/78.pgm;0
./data/generate/li/64.pgm;0
./data/generate/li/107.pgm;0
./data/generate/li/46.pgm;0
./data/generate/li/74.pgm;0
./data/generate/li/72.pgm;0
./data/generate/li/48.pgm;0
./data/generate/li/89.pgm;0
./data/generate/li/15.pgm;0
./data/generate/li/30.pgm;0
./data/generate/li/50.pgm;0
./data/generate/li/82.pgm;0
./data/generate/li/49.pgm;0
./data/generate/li/38.pgm;0
./data/generate/li/59.pgm;0
./data/generate/li/5.pgm;0
./data/generate/li/79.pgm;0
./data/generate/li/12.pgm;0
./data/generate/li/77.pgm;0
./data/generate/li/84.pgm;0
./data/generate/li/39.pgm;0
./data/generate/li/21.pgm;0
./data/generate/li/73.pgm;0
./data/generate/li/109.pgm;0
./data/generate/li/81.pgm;0
./data/generate/li/2.pgm;0
./data/generate/li/41.pgm;0
./data/generate/li/83.pgm;0
./data/generate/li/25.pgm;0
./data/generate/li/97.pgm;0
./data/generate/li/36.pgm;0
./data/generate/li/61.pgm;0
./data/generate/li/0.pgm;0
./data/generate/li/20.pgm;0
./data/generate/li/100.pgm;0
./data/generate/li/69.pgm;0
./data/generate/li/33.pgm;0
./data/generate/li/35.pgm;0
./data/generate/li/106.pgm;0
./data/generate/li/93.pgm;0
./data/generate/li/96.pgm;0
./data/generate/li/91.pgm;0
./data/generate/li/8.pgm;0
./data/generate/li/43.pgm;0
./data/generate/li/62.pgm;0
./data/generate/li/47.pgm;0
./data/generate/li/60.pgm;0
./data/generate/li/76.pgm;0
./data/generate/li/13.pgm;0
./data/generate/li/92.pgm;0
./data/generate/li/105.pgm;0
./data/generate/li/103.pgm;0
./data/generate/li/101.pgm;0
./data/generate/li/40.pgm;0
./data/generate/li/71.pgm;0
./data/generate/li/4.pgm;0
./data/generate/li/45.pgm;0
./data/generate/li/94.pgm;0
./data/generate/li/1.pgm;0
./data/generate/li/54.pgm;0
./data/generate/li/37.pgm;0
./data/generate/li/42.pgm;0
./data/generate/li/98.pgm;0
./data/generate/li/31.pgm;0
./data/generate/li/85.pgm;0
./data/generate/li/66.pgm;0
./data/generate/li/9.pgm;0
./data/generate/li/87.pgm;0
./data/generate/li/3.pgm;0
./data/generate/li/7.pgm;0
./data/generate/li/27.pgm;0
./data/generate/li/14.pgm;0
./data/generate/li/95.pgm;0
./data/generate/li/67.pgm;0
./data/generate/li/23.pgm;0
./data/generate/li/10.pgm;0
./data/generate/li/52.pgm;0
./data/generate/li/55.pgm;0
./data/generate/li/68.pgm;0
./data/generate/li/75.pgm;0
./data/generate/li/24.pgm;0
./data/generate/li/57.pgm;0
./data/generate/li/18.pgm;0
./data/generate/li/22.pgm;0